{
    "num_layer": 96,
    "e2e_latency": 3375.176282089218,
    "fw_latency": 3375.176282089218,
    "bwall_latency": 0.0,
    "bw_latency": 0.0,
    "acc_latency": 0.0
}