{
    "num_layer": 96,
    "e2e_latency": 999.0218297502968,
    "fw_latency": 999.0218297502968,
    "bwall_latency": 0.0,
    "bw_latency": 0.0,
    "acc_latency": 0.0
}